Year,Date,Statement HTML Link,Minutes HTML Link
2025,Jan 28-29,https://www.federalreserve.gov/newsevents/pressreleases/monetary20250129a.htm,https://www.federalreserve.gov/monetarypolicy/fomcminutes20250129.htm
2025,Mar 18-19,https://www.federalreserve.gov/newsevents/pressreleases/monetary20250319a.htm,https://www.federalreserve.gov/monetarypolicy/fomcminutes20250319.htm
2025,May 6-7,https://www.federalreserve.gov/newsevents/pressreleases/monetary20250507a.htm,https://www.federalreserve.gov/monetarypolicy/fomcminutes20250507.htm
2025,June 17-18,https://www.federalreserve.gov/newsevents/pressreleases/monetary20250618a.htm,https://www.federalreserve.gov/monetarypolicy/fomcminutes20250618.htm
2025,July 29-30,https://www.federalreserve.gov/newsevents/pressreleases/monetary20250730a.htm,https://www.federalreserve.gov/monetarypolicy/fomcminutes20250730.htm
2025,Aug 22,https://www.federalreserve.gov/newsevents/pressreleases/monetary20250822a.htm,N/A
2025,Sept 16-17,https://www.federalreserve.gov/newsevents/pressreleases/monetary20250917a.htm,https://www.federalreserve.gov/monetarypolicy/fomcminutes20250917.htm
2025,Oct 28-29,https://www.federalreserve.gov/newsevents/pressreleases/monetary20251029a.htm,https://www.federalreserve.gov/monetarypolicy/fomcminutes20251029.htm
2025,Dec 9-10,https://www.federalreserve.gov/newsevents/pressreleases/monetary20251210a.htm,https://www.federalreserve.gov/monetarypolicy/fomcminutes20251210.htm
2024,Jan 30-31,https://www.federalreserve.gov/newsevents/pressreleases/monetary20240131a.htm,https://www.federalreserve.gov/monetarypolicy/fomcminutes20240131.htm
2024,Mar 19-20,https://www.federalreserve.gov/newsevents/pressreleases/monetary20240320a.htm,https://www.federalreserve.gov/monetarypolicy/fomcminutes20240320.htm
2024,Apr/May 30-1,https://www.federalreserve.gov/newsevents/pressreleases/monetary20240501a.htm,https://www.federalreserve.gov/monetarypolicy/fomcminutes20240501.htm
2024,June 11-12,https://www.federalreserve.gov/newsevents/pressreleases/monetary20240612a.htm,https://www.federalreserve.gov/monetarypolicy/fomcminutes20240612.htm
2024,July 30-31,https://www.federalreserve.gov/newsevents/pressreleases/monetary20240731a.htm,https://www.federalreserve.gov/monetarypolicy/fomcminutes20240731.htm
2024,Sept 17-18,https://www.federalreserve.gov/newsevents/pressreleases/monetary20240918a.htm,https://www.federalreserve.gov/monetarypolicy/fomcminutes20240918.htm
2024,Nov 6-7,https://www.federalreserve.gov/newsevents/pressreleases/monetary20241107a.htm,https://www.federalreserve.gov/monetarypolicy/fomcminutes20241107.htm
2024,Dec 17-18,https://www.federalreserve.gov/newsevents/pressreleases/monetary20241218a.htm,https://www.federalreserve.gov/monetarypolicy/fomcminutes20241218.htm
2023,Jan/Feb 31-1,https://www.federalreserve.gov/newsevents/pressreleases/monetary20230201a.htm,https://www.federalreserve.gov/monetarypolicy/fomcminutes20230201.htm
2023,Mar 21-22,https://www.federalreserve.gov/newsevents/pressreleases/monetary20230322a.htm,https://www.federalreserve.gov/monetarypolicy/fomcminutes20230322.htm
2023,May 2-3,https://www.federalreserve.gov/newsevents/pressreleases/monetary20230503a.htm,https://www.federalreserve.gov/monetarypolicy/fomcminutes20230503.htm
2023,June 13-14,https://www.federalreserve.gov/newsevents/pressreleases/monetary20230614a.htm,https://www.federalreserve.gov/monetarypolicy/fomcminutes20230614.htm
2023,July 25-26,https://www.federalreserve.gov/newsevents/pressreleases/monetary20230726a.htm,https://www.federalreserve.gov/monetarypolicy/fomcminutes20230726.htm
2023,Sept 19-20,https://www.federalreserve.gov/newsevents/pressreleases/monetary20230920a.htm,https://www.federalreserve.gov/monetarypolicy/fomcminutes20230920.htm
2023,Oct/Nov 31-1,https://www.federalreserve.gov/newsevents/pressreleases/monetary20231101a.htm,https://www.federalreserve.gov/monetarypolicy/fomcminutes20231101.htm
2023,Dec 12-13,https://www.federalreserve.gov/newsevents/pressreleases/monetary20231213a.htm,https://www.federalreserve.gov/monetarypolicy/fomcminutes20231213.htm
2022,Jan 25-26,https://www.federalreserve.gov/newsevents/pressreleases/monetary20220126a.htm,https://www.federalreserve.gov/monetarypolicy/fomcminutes20220126.htm
2022,Mar 15-16,https://www.federalreserve.gov/newsevents/pressreleases/monetary20220316a.htm,https://www.federalreserve.gov/monetarypolicy/fomcminutes20220316.htm
2022,May 3-4,https://www.federalreserve.gov/newsevents/pressreleases/monetary20220504a.htm,https://www.federalreserve.gov/monetarypolicy/fomcminutes20220504.htm
2022,June 14-15,https://www.federalreserve.gov/newsevents/pressreleases/monetary20220615a.htm,https://www.federalreserve.gov/monetarypolicy/fomcminutes20220615.htm
2022,July 26-27,https://www.federalreserve.gov/newsevents/pressreleases/monetary20220727a.htm,https://www.federalreserve.gov/monetarypolicy/fomcminutes20220727.htm
2022,Sept 20-21,https://www.federalreserve.gov/newsevents/pressreleases/monetary20220921a.htm,https://www.federalreserve.gov/monetarypolicy/fomcminutes20220921.htm
2022,Nov 1-2,https://www.federalreserve.gov/newsevents/pressreleases/monetary20221102a.htm,https://www.federalreserve.gov/monetarypolicy/fomcminutes20221102.htm
2022,Dec 13-14,https://www.federalreserve.gov/newsevents/pressreleases/monetary20221214a.htm,https://www.federalreserve.gov/monetarypolicy/fomcminutes20221214.htm
2021,Jan 26-27,https://www.federalreserve.gov/newsevents/pressreleases/monetary20210127a.htm,https://www.federalreserve.gov/monetarypolicy/fomcminutes20210127.htm
2021,Mar 16-17,https://www.federalreserve.gov/newsevents/pressreleases/monetary20210317a.htm,https://www.federalreserve.gov/monetarypolicy/fomcminutes20210317.htm
2021,Apr 27-28,https://www.federalreserve.gov/newsevents/pressreleases/monetary20210428a.htm,https://www.federalreserve.gov/monetarypolicy/fomcminutes20210428.htm
2021,June 15-16,https://www.federalreserve.gov/newsevents/pressreleases/monetary20210616a.htm,https://www.federalreserve.gov/monetarypolicy/fomcminutes20210616.htm
2021,July 27-28,https://www.federalreserve.gov/newsevents/pressreleases/monetary20210728a.htm,https://www.federalreserve.gov/monetarypolicy/fomcminutes20210728.htm
2021,Sept 21-22,https://www.federalreserve.gov/newsevents/pressreleases/monetary20210922a.htm,https://www.federalreserve.gov/monetarypolicy/fomcminutes20210922.htm
2021,Nov 2-3,https://www.federalreserve.gov/newsevents/pressreleases/monetary20211103a.htm,https://www.federalreserve.gov/monetarypolicy/fomcminutes20211103.htm
2021,Dec 14-15,https://www.federalreserve.gov/newsevents/pressreleases/monetary20211215a.htm,https://www.federalreserve.gov/monetarypolicy/fomcminutes20211215.htm
2020,Jan 28-29,https://www.federalreserve.gov/newsevents/pressreleases/monetary20200129a.htm,https://www.federalreserve.gov/monetarypolicy/fomcminutes20200129.htm
2020,Mar 3,https://www.federalreserve.gov/newsevents/pressreleases/monetary20200303a.htm,N/A
2020,Mar 15,https://www.federalreserve.gov/newsevents/pressreleases/monetary20200315a.htm,https://www.federalreserve.gov/monetarypolicy/fomcminutes20200315.htm
2020,Mar 23,https://www.federalreserve.gov/newsevents/pressreleases/monetary20200323a.htm,N/A
2020,Apr 28-29,https://www.federalreserve.gov/newsevents/pressreleases/monetary20200429a.htm,https://www.federalreserve.gov/monetarypolicy/fomcminutes20200429.htm
2020,June 9-10,https://www.federalreserve.gov/newsevents/pressreleases/monetary20200610a.htm,https://www.federalreserve.gov/monetarypolicy/fomcminutes20200610.htm
2020,July 28-29,https://www.federalreserve.gov/newsevents/pressreleases/monetary20200729a.htm,https://www.federalreserve.gov/monetarypolicy/fomcminutes20200729.htm
2020,Sept 15-16,https://www.federalreserve.gov/newsevents/pressreleases/monetary20200916a.htm,https://www.federalreserve.gov/monetarypolicy/fomcminutes20200916.htm
2020,Nov 4-5,https://www.federalreserve.gov/newsevents/pressreleases/monetary20201105a.htm,https://www.federalreserve.gov/monetarypolicy/fomcminutes20201105.htm
2020,Dec 15-16,https://www.federalreserve.gov/newsevents/pressreleases/monetary20201216a.htm,https://www.federalreserve.gov/monetarypolicy/fomcminutes20201216.htm